VwLiPuRiYarBMFWBmzB7KU3Ku5x9GvqNSt4LQgNP2Dat3Qz,1.6900,kSDN
VwZtyXN8Uyy8qaCEdNbCYYQbjwVtat7jiphdHDS2UkXefJg,827.0000,SDN
Vx9HTrb8RLYsMAo3QD5T9K71JmCX1i4diH3DT5fSgo5MTXQ,335.0000,SDN
VxKQJYPqPQhuF4haU4M2BGYy434f2KWo2Ak4Z2PjUhtrChH,500.0000,SDN
VxML7YEmga7uxaQ5AzXYPPjBX8mZwzGfpmB77DVGpaHQmwg,100.0000,SDN
VzDqnVceU9K7yc19yz7DP4SqWxqX3ZhwDaQ8KyZSHAxpGMf,1.0001,kSDN
W19T8Y2VLzvAAvTR2pUr4qU4bZjJ8zARGPwx2C8vXuiu7HP,1.2000,kSDN
W2iovCCEN4b1zg8DhoYTpH9CPb53twdLadL4CbF6xzRsycf,29.7400,kSDN
W2kn5Q8NjPf3UcqMGLNkvHdCd4jcRECoD2Bxtxu1wtiEPCg,4.3740,kSDN
W3CE1bcJ16zL5imXJoDMfxYWSRufKZXYtkW4QqnEKUZjQJ7,105.0000,SDN
W3W2m2pt3APJyskqYJvGp7SQmR6n5fEmx2PNi3P7KJBSiJJ,100.0000,SDN
W3oFCP8AN7MjcPYK4giAkNyds8b4Hd6q9HG9HsTS8M35Lp1,100.0000,SDN
W5bGvaWg5TbEJR7UM3ZmkrCwQYPLPGtiAPXahGyo2ki5yoN,500.0000,SDN
W5nsCd3Ty296QC8prUdgDbpe6pka5AuoNQTDZGegMtJrsSF,126.0000,SDN
W5o8Air3BgSAU6zSviGHDQK2Kwr18y3sMTNeC6U7K8ZDF2q,1.2500,kSDN
W5ogA9n44Xh4JUwXJzBUBh6eZfcJbxg4tZbJkCTgj4AYTzi,275.0000,SDN
W5rUBDfdzQLanK8d5R1joG9vB276KhaXuM78t74KHvRMVSd,5.5805,kSDN
W6UdrXeMhZ7DnC5Z3aHCK3iBtQ3NeiY3VSGEt551t7UXgND,600.0000,SDN
W7z8Po9z1W4Z1MPLaJbyUkfufDEnPDziSprkKjigFGTnKyY,200.4991,SDN
W7z996FGXjjowKPA84YWpkgNZQjiUmz3TeCvjcf6GMiJNUJ,2.0900,kSDN
W8PNq6oCAj6iAWodHyUm4eny9P4oocPZAK7xKH9VSmCjn1Y,10.0000,kSDN
W96K8DwkysDHQFwSeCTuwR8b7Fa53kDYFX2L46J7zr7UZyo,100.1000,SDN
WAaqiXjS5dgoXejUEDVcCp7oVoPjxdJnHf4aD3ZH3p2P8Q1,8.0000,kSDN
WAgwNgGLe1ZYKxkYG9Me6n4y3YLphqRL8uBxjpd8axnrcF2,150.0000,SDN
WAnekWmFNrPJAVvukqLHQWjxC1dq85MfxfPtzLzWidDdhk6,4.5000,kSDN
WAzFSr3ZTJJETXvDMxEfKQ5JFXas27DVWGQhQPFjQnvKdzJ,150.0000,SDN
WB3kbPm4nG1RKva4hJmbcXH2vzWZ75ENUqmyTEk2YtajJRH,1.0000,kSDN
WBhPRFGp4kz3qUeLvwffk7TJDQLTTfXT2JVFeAGYZzQhJyi,100.0000,SDN
WBiBPn6HoRoNRqPXuXDQoxTtTaxnGQdqH8sPC2ifmQBjRQK,160.1000,SDN
WDWFeA9rfqH9D1NaxLBpzzAnYycQZLAjsqckUadjHtwD3m5,14.1000,kSDN
WFhJqdnF69SUzBU8BqJLPtxqpDY3HsAne1KEdLpdAhGtnjx,100.0000,SDN
WFpJ7fbhiZQRBUR7RkskmhoPBw25yvcMXGiZAyej8CUXigt,225.0000,SDN
WG6txEeRDYo1NsM33yJCZVMaDSpfRxFbxz5Xsy9VexoX6hp,34.1241,kSDN
WGFTDvhxuk4yVyTUJFcczqNehMc3KHJyKMetH7PqDGspCXW,100.1000,SDN
WGQHscu9CjkWvtusUL9XFUVTKBbzUrK9E3oS3hogWZRgGij,100.0000,SDN
WGZHjJUwWfRG7Lk4thA1xNSyaXZGBZrWHKUhHCzYRaYgvNd,300.0000,SDN
WGf1QGaumGVGTgdAmuv2c3u88XYD9mNvNkzhjJazeXxYkz9,1.0000,kSDN
WHGsaodmkTPdmqhvGeeYCLdSqA6GGZpoVZ2gEFbNYAizxjJ,160.0000,SDN
WJZVAfYbQAkxXjPJWVB7Xs29Q7zSGay2uHCA17SD8qpKE4f,645.5000,SDN
WJhys9MobebptYsu1Kfp1bD4x49pLgemfuTtNzaQkPHbwah,400.0000,SDN
WKSoSc1XeKtQo2RoZYQVWFAZ4MRiBG8eWnWQHWyYH6KVht6,221.5000,SDN
WKSs2K1c3nZs8rctvhLt8mA5vPJEMm11Ld8Ucxd9Mugbtg2,550.0000,SDN
WMHDDs7sCuPUos4BJTmqgKWZVbq7jExPPasStiuCoyQuznf,1.2750,kSDN
WMLnY3nfMK227t63xposQ5jSMPV2ikxkiwUKFDPVwJa3Qhg,1.0000,kSDN
WMSvemh9Bu32pZ82ovxj1Vm74jnXUVYrNjb6yzPWN7sGqRk,200.1550,SDN
WMhjNEdYGR1KBUAXDLem56xddizFYE6Cdq22g5dTJzGhHJR,399.5966,SDN
WMm43QiGvPPGbhqsVDUohKrDV6xLwAygba78qCr9QjWUwZ8,100.0000,SDN
WMoZwHQHukE6KCeGaQDnqR95xT7jdzeBiEZ5i7GiBa8TZcg,150.0000,SDN
WN9dcaPQQ8xSWeGCv6rQA8ToEMaCmARnq5TnT5FiGoyZmTN,417.6104,SDN
WPDRwyMdzZrroQPni3bZfqzTzeJPZyc85Ba8pR8M17uERpM,1.0500,kSDN
WPbzGAYUDjJaAQkec6w7AerV1MSS8NnBPu2ZUcFGqAaUDPg,1.5400,kSDN
WQB2GD8eWypMnMqexJTWaSfCXtMKgMsojGKSrYY9t2p3xhV,102.5000,SDN
WQLm9dpqJxSXymBr4BsZyDRbPTujkNKu6iV52eDB3qe2kze,127.0000,SDN
WQPyZTiumckksQpndzXBzjqo9HRxkLiZo1KQPe76fA8nLBw,380.0000,SDN
WSJZcyTQ2w4XbuTc3aAzWTM12718cgoET8TZvCLh9mtX2jT,145.0000,SDN
WSN4QUVEQtWBeMdJ6Jp2qDxswLbJt9SNXhAccPnbsL8ddrz,120.0000,SDN
WShtUms4inUmU3jzH6SXhqnJBXDAfFEzZiLRNoe3uKjMBLN,247.9983,SDN
WSm2soWuDTL2QJFTGRAW9pLA5fD837ETm6D1sFdyRP1aD4U,100.0000,SDN
WSq6T1fNAmsnSAk75ktEkcuXFPpQqSc9SWUpzwhSHTssBuy,8.4060,kSDN
WTRPdZiohJhTefZ7pMfbgJxmZARcBKRXofJq1PjTjAB6oDS,1.5122,kSDN
WV3m497uYnknvLq4qyJbvWX2bcBr71qdhyj9gc7cAGsS3BF,100.0000,SDN
WVQ1jvF6KxB3Cte6LcjHwkXZhkVEAtyYaZu1SiYUxptBotr,2.5110,kSDN
WVTVhQ8CLEaE3MiKNPqtPm11vNFW4Et4dt7QN3MoyewFZVW,100.0000,SDN
WVm9Mub8v5WoyYw7tAGAvoWZxUxTdqzFAUpRX4XZcEXfv4u,2.0000,kSDN
WWAyoLEMjboFWT2CPkPvL3Ep11qNJJGN9zUbLhGP5SSMirQ,150.0000,SDN
WbB2BcGDYrJ8dBY3eVxfpNMwSnp42vAQAqDAUGF98TG8Usx,2.0880,kSDN
WdkaTybMANYc3nk7jG4FPYob22gdHC6Xbtr1fznixKVggsj,509.0000,SDN
WfzXuzuPek6tF7mhFwronAjppYkFGJE5Kq2pgTPvCtxy2s5,100.0000,SDN
Wg5GZv2F2A4V6CPSmZXEnjueZqytk2CupctQSFwTazKMdHn,257.0000,SDN
Wi3TW1tnzvsCx7ZGEcdV1YRnEMACBYQV5Mckb4nMgYQ7JMT,500.0000,SDN
WiKTG93n71bjpxhSQg6yCqaETvzVSEbeXRx5AkraXBTky4N,100.0000,SDN
Wkt6B8VB3YQo8Cet3bupq5rcKRPNHHFGim9eJ1VA8PeVyrN,10.0000,kSDN
WmEMbBivr6YhGFvfQUQiuu5XoDwwTVkS48hkKxm9RZtbV6S,130.0000,SDN
WmLMpKJFcnLZBv65djD3eY3sBaXXyrTRhnRpXDJroxFY2Ln,2.0000,kSDN
WmoZQ5dkN7o7g6iNo6c4PTtK5zkhbxxxsUULuFmurETpBiH,1.0000,kSDN
WmxKSedF9ZwVZDSWbfKDCuP9ZvMM6Wdg6jso1iPHh1kMY1x,100.0000,SDN
Wp1RwBoSLTG3P7ydYG2zZ7mxVcyMCBaQuSQBn2mUV5bANfD,100.0000,SDN
WquvJCbpXsXGtbEWvW98phMwdaRwSW5oyrSix7rH2iGG5nF,134.0000,SDN
Wr2oBTc11BQLB4bbtmB3S7L4KtiHk53nN4oJqvwcU7muH7H,100.0000,SDN
WtcBo6iG2YbZA2d2FEg48rAqeyLag8fSFedwYER8QwkSSdB,120.0000,SDN
WuCeeEY8WEE95Qsgk18jmQvuDPk16zFvSZMzZZrWctSPchN,100.0000,SDN
WuEuLJZYYWSubgw4g9YmqbBCy72TCTnD43kseKHc7pswmxP,15.6867,kSDN
WwfqCMpkFuVjCGZnaMhzSHDpw3fcwBGYw87nPgEfKYiqRMo,256.9865,SDN
WxC2XbdKXT7o2N5vaR5XGrULQiyjFz2NuHTSekdePv7u5Y1,100.0000,SDN
Wyf54k6Y6sHRMbT6Msn6Gz3e69N657AYHnp7dAg2ne7WaJS,246.7000,SDN
Wyg4xH7W7TgAThHJSgmHiNYyKGWjeV6i3ALNsdrDgu5Y8hR,300.0000,SDN
WyxRor4728SBekUxziCA5J4qpv3q3VMRhBpp1i3ZYE58bwY,695.0000,SDN
WznQUARPGiFyrYAyeCghRJs22WnAr6jqS9nSw7bvLdznv7f,2.9940,kSDN
X2G8MNpKB9mzNeohEZugp4Nrfyrt5BpPLvLhFE74W3YfQuG,30.0000,kSDN
X2VSADaEMQiFqrCdWiBrJctR2ERddXwaeM6R65w8QGUxnSH,3.3100,kSDN
X2nCRbsZ3nTz3hvwsEBdEMkwVnJ7GFVSZ7WSgus7A53PTfa,130.0000,SDN
X5Hej2bxCtCAq96AXnMgd9qMPBNg5cZzhSFsMzLQ1JpSNCc,1.0330,kSDN
X5pwzHB6WzojpnqQJrSTp8FRSkZA9EFveQURqWq3X17SSgn,654.0000,SDN
X5uLqnEqPC71DCNzSDuN7H8wzfV6Zp5HR7WrTVahtT1SJ1C,1.2300,kSDN
X5y3cDGeHhGBcGNsXR4dueM7uHRJEfcd4giQyfPT2WN4sNm,100.0000,SDN
X7ddSSVV1hvgivSgJBjrB9Pf8WMLk3w5FafHA5jTJz6eaoy,2.4870,kSDN
X7jBuEL1Sb1rnCXwJxfwAKMtWQ4LP6mssBuPyyNDA3upR7T,610.0000,SDN
X7kRprJY1VBMGwu5ggAuHvMLupqfg9kcCLznEKZe4ef5vQN,300.0000,SDN
X7oyKLG9wavM7TyY2UsvuRN9wTNsQqJVYLtvcfjAMPXss91,543.0000,SDN
X8YNPQA4aexmUZ4Y2uLvMqZuHzkGZTmPdfDQuap6E6cbNjf,508.4000,SDN
X8b1wZJMxdztWmi5q9Jgxz6SzPUshKj3n3VKUfh2PPbaTXo,705.0000,SDN
XAUxsGDb8adswbipJiqSde7AEnBGqUW6m3PfLi4Yux9YYwS,1.5000,kSDN
XBAX6f9LjFPk81tvJHmuEWdhaNRmACNGnGTsXu8YC9AQ36J,500.0000,SDN
XBLSzw8wauNCnA2ySfvANCF52xVw1nFt1qCHHWcXLP1Xrou,669.0000,SDN
XCrqLN67JCv8K2T3NKrfMdpGuZUoouEEmnWaBQgau4ZFTaB,9.1950,kSDN
XCscbCF72NYTkezeKnJKQeFQKBUx5M5c94eTQMGabeSjcEs,850.0000,SDN
XCuJcAGUTxQANhSDMN3gbZRQGnJwFirZ3CbgamnTmjKedPg,102.8436,SDN
XD82paKQAEccwsuKyeLTTXKTSPURKAwY3Fnnd8CiDWFVCvA,1.5000,kSDN
XDQnx7v4V89yAFUqMi82mjfLR21AjxvQVyffmdwSkHTgwh4,7.8100,kSDN
XDVaYfSt1tui3euzapyeTt5cQKXvh4dw2CANRfV7nTrULSS,1.0220,kSDN
XDdPLubVfadSRVpyVHRWgF85hpA4Aw2HP1YkHQFH4tojrnx,1.4542,kSDN
XFvHBFANsj9X432iver9xUYiroJ3RZUwSTVcNoqYeh9t1Jn,150.0000,SDN
XGGYz3fTyUGXTHd6oX7cqYThWgUvXiZJ4HN3roQ8DeiS4Mo,225.0000,SDN
XJNm5pbN65jYrfZ1eRC5tiFW9ZGo6xCu8mcGBPV81xGyMuX,100.0000,SDN
XJPhezS1qaJN4YVDtMPnPcvExVyiScArrB92F5S3TA4rxAF,3.2000,kSDN
XLrqspxnrzPUGotRDtiB7VsaDiFH9RU28u9MYwiDZWBzUf6,5.8000,kSDN
XM4JmeQm9ziFaPLAGuNeM14xPz8gxzrUxa6vwF8qeKerMpJ,150.0000,SDN
XMUC5yszne1avDW5wBPsi8pTRLb8TGfnRcBjKsBxVrFaU8q,100.0000,SDN
XMcWqqtHm9G2Bgq5bTvpP3w79uhh8ajmsqm2PtE8ZRQbQY7,1.3500,kSDN
XMetaczL1nG9pLn5MfQH3piVNK5s5qbBTPYtLoXd55wV4MV,500.0000,SDN
XPYhBCDnCrZTP6Fef22kbgdU587upXze6m6YtjfkDgaYzzW,120.0000,kSDN
XPZhrU63FAMCuBD9KQu4jSM1VyS7oGh3RykzhFiGiMvJdoF,3.0000,kSDN
XS9m8epXHKwRDYZ9XnrCC1Xv3gW3HUquoAhkSxVq7pfcrQc,129.0000,SDN
XSR8PXDAxteNZHRFqT1DXabcswtQvTer88Xy5xMQdzz3MLR,100.0000,SDN
XSUoqkaa2xGSb5ZxgqQYR8bBiYiooYhDdPwP7cQrp3oAgEF,6.0006,kSDN
XV6DGtyaVhMRZyNt94zFpUJBioPJqaWDJSJSU3APoCifqag,5.0000,kSDN
XVGdLA4GehpW2ke9Ts3LbwRybPzyFKfxiHiQFBufYuQwbVY,200.0000,SDN
XVX5QjUTky8nVFSt2zAiCd1AQFhkRy2AWVvsCi68tVhEiZJ,1.0000,kSDN
XVapCM2qDLMSuPsYeH3aEV2NHMRr3jyRZqMFoRVYw1C931h,295.0000,SDN
XXYrUZP6Tx255ANa7Yr7RctCnaHv9XEpBBVGRJeA6fLiGXQ,123.0000,SDN
XXq8nyfzPgzaoWC8AwhJYB3C4s7VDCHYpctnuvRMqbwk2FF,2.1620,kSDN
XXrjJov7aNyJSP4QbXSKBzaEiY36vyiWrqzu84pT1rFSEY4,103.0000,SDN
XXrnSCsYxzwuQeqwkGpdRJzrpr9kFBMsaoABvwoRgQ18Kh4,1.0000,kSDN
XXz3JWNFQkcHTX75WLo4iyxNRX7RT8ALFoYTnMmRuPCSiiL,100.5000,SDN
XZixRj42WkHqppHUhjwWvJWcbNMn6ZRDaNWUtLdTw3hhymY,100.0000,SDN
XZjsKDYRs8WwPym54mfmb46ptpqMeV9eZcH2stjoyDigvHV,147.1033,SDN
XagwWPasPxL3tY7fdN7Whdbaf6fRpnZvgQx7WRx1JVPxgny,100.0000,SDN
XcZwgszdrR9Fxx8Rn9ypMXtPEjcoo1PhrbUdLKuJJEKJGAE,632.5114,SDN
XcoWBFq6bCsHQ25LX45ruA8MhbCtWozWCVD8yxAJAosGgRM,300.0000,SDN
Xd3Hgx56dven2QYHtcZh6mDnhEeYpJGK2qXtReStiGSPxQW,500.0000,SDN
Xd4QcYe2teKzqmg5ScHw2XUe8cSGFrimyGLALZST4pkFeeW,2.5363,kSDN
XdSZHPoaahEuADUvQ6WPXDZeaVLPgCLp2gRXstAWNkqy9Bb,100.0000,SDN
Xf5QrfKKddBJCKX9ZwzLmK6A1df9KYYyFmmaGskkaX7EdGs,60.1000,kSDN
Xf95MFvUQh7R4uVPJhdKrmpbYAVJvN5qvG4KTRoeyfxXsz9,700.0000,SDN
XgBaJAuovNWKfxzvX4o2FzfncQ2bCKYe2UrzgzhfGQj83D1,141.2200,SDN
Xhu7ZndWaxvPqeidFPcjVTBZ2wUfj5oscHBSxceudJia9PF,100.0000,SDN
XhwCGy4zXzUZd5eLPsuYDNgToW8B6XGE74jc2umh5j24kjz,706.6459,SDN
Xi2x1JfB91FKoJmHJ6xescTPdxZkd18xffahj8fC2HKQhMb,109.9089,SDN
Xib4GsSyA3iya55M8UMeehunTmUCPDvaYZQk7NPecG7CX6D,101.0000,SDN
XihnDVADLTeeEFRVdh3T2z8vYj8gTPWoihY5er15osQ3tjQ,400.0000,SDN
Xiq2Up5wZAyJUxM5YhJa9WdZNirv92CoRmGGVE1igwz2Mxh,245.0000,SDN
XisK3dNjt9Li6ZKjpQ4ia1C7MCi86qko2iGR9GmGt4tt72L,600.0000,SDN
Xitvi61Hb4FMDnd5wcZ1fcKL8LYGMVzHUGvhotwx3kSciZ5,462.0000,SDN
XjerrB5tv2MRvihvkffkgPuGRqFrrxhXuYBvgNemSq2pZSZ,500.0000,SDN
XkfZFKGStduyabr5izjyZaBNBTUGeGzK7ULuf1siLbnsxZk,400.0000,SDN
XkpxFXvwBiXQD6Snt7QgSumVBkGNERfgmRotWjjzCi2YDdy,38.7227,kSDN
XogzePzsnKJKf9ZHjz7dR5rTf9JmiVeRZNdi99HsmwHwX7k,100.0000,SDN
XqrFMjfgMebPnC8tBrX68z9A8V4dRa9A8d7rducmMtPG1WB,940.0000,SDN
Xr5zYNHq4JQNMsyFPHNwbKdejBtg9cHJdm9smTkDqm3JW1Y,513.0000,SDN
XrEK7dQjHjqGo3EidpaciM7b9zf4q4A3qMc593cbAw7hsPD,101.0000,SDN
XtAChUyh2CENAmQP2NYAJEqu4tdZ4TdRdJnFCfNvaFC2kMJ,150.0000,SDN
XtfizqFDPAePsgARguZ1ZhQWQLntZrPG3dmJMnJFGFxzaQh,10.0000,kSDN
XticKYK1Zr3wyREPkdNqeL2x5wHXqAaHxbgqLkeCSrmurCq,565.9790,SDN
XwEBvxjPJqR1v8KjoT3N5ftYPphHsr3eUTmYaSFBgcpfQiT,300.0000,SDN
XwGwMAHv1aZcTNoXKm79nMqwoUgGx3KqKxtX2PUKrKd46ey,100.0000,SDN
XwVfV4FReUAhUbPeAmJ9C6RQC7Jom5qHNHe8a4YxvFRepxF,402.0000,SDN
XyY6AibvdpEnxbfTB3ATWUNEm1VVQ6Az7wmJ1ExGf6NhDn3,207.0000,SDN
XygTbUVHCZZN8D8dZdVABkR54MCuwMVDkgKRfj6qDE2UoNf,116.7442,SDN
Y29tk9mr3m39gn97JJ1a9WxmmUcfik4KKYasbPFqQTcND9Y,100.0000,SDN
Y2Cr9xb294How5vc49iFttec7NThrb6Q6j9TT1BVGckTfrL,1.0000,kSDN
Y2QAqeBEwc7rhxGktCKtz2H3raRYGH6utng5eC57BQX5A54,127.0000,SDN
Y2QFVWR1wwcHrvnPdaSN8PsFDPtckNtqyUckhMCNW4rqHQ5,255.0000,SDN
Y2xhMLokx1npBeof6SHhsUewUBPCYer9n1yVZDdSAt2YWqL,250.0000,SDN
Y3ZAMCJnxFT55jZgakyBnxBaqvxYt23WJpnLwziqbFfLjRT,800.0000,SDN
Y4psoi65DrmdVBtiAKTWyWiiSYNYJFNmswUUPbQpQXtpkCE,2.7000,kSDN
Y4qjYLtw9ztXWF92XHqZ7RQqqR9TN8KwyC46QSbwUUq8U5o,305.0000,SDN
Y5Frw5DDW5CQqykAVyCUZm75HhkJZ1aEbzDpJRDT3PcdNLh,410.0000,SDN
Y5NeMKTU6wocE6oSoS5w2dXJkNieDWCSRTNTbEmKMFJgzTV,100.0000,SDN
Y5nUrjNzWhWEd6qHCW3KDrMaBqCfTJ3dSjubjCPdJpuwZWZ,140.2000,SDN
Y7TrY2iJiDuyC8mUBqmZFrJrSdd55oAr92KeYsiGXWaZcB2,1.5000,kSDN
Y8Fr9aGc2ZPEaF2bz5K6qUbFEd2htknFLVGk7baxgNiddDo,110.0000,SDN
Y8HvGyUbH5xn2G17yZbefnHMCiLfvr7JrBzZMt7tbQdM785,1.2355,kSDN
Y8JAoMphmTN6bXREJB3Q7wNvKRMT7j2YLDh48c9MK4gMfCB,500.0000,SDN
Y9gdgx8Wv11sUk4ZyCVRydgxSAbsjoNx2d4ABYxF4Fhqu5u,200.0000,SDN
YAmnQUJoRdwpNbXVEiVwn8CSHkmgx8U6yWt5zN3rnYTaQvv,1.2670,kSDN
YB4MAU39fLfSzsUogHjWTKmzNEA4ax31WzxYRiABnYomoyF,301.0000,SDN
YCiiC6rcXbLcZqo5NX5JobocZ1uP2WCB8hifmNih8N6cZhP,4.7500,kSDN
YCpmY3QiMhpNwEJAptYCd58cEfRbT3rcPSRdX55zTFNnhJa,315.0000,SDN
YDRWtyG8QjTNi829iho9iFBqEopM463A6yLCt7gwW4ubUqC,1.6560,kSDN
YDadWTsqbSvcJgFgPp9HqpEL7ceD2QauN4tXFczVFz6tb7D,741.0000,SDN
YDyaRZdwusdx942GFVV8AMbqgKTFH6venD6iwR5Ap9v8wky,801.0000,SDN
YFD6PfBxGXk1i9VeAaMJ1J5XXMFsN5S5Z6n2w6CUEj8KToU,100.0000,SDN
YFEftnmfEbGsh6sMFBNzo9gW7F15RdmaLFviqLRUnX9ZWsh,1.2172,kSDN
YFG8VXT34kVNkSp9iaGSG5Za68SvE5N6r5KoiELwdLWnLrQ,100.0000,SDN
YFY8BiMeaCS3T1jnGmaZ6k4gyePpFBMRQtPkmh9SA1J4JgY,155.0000,SDN
YFgpUyXuTiZeGkRNjCYuyZFGjXuQDiACL9RvrMmvJpXDPC7,6.3047,kSDN
YFnYBFDLqyUX5TDBxAGSJtNgAMmS6jHYsz8JV6kZEnZ6kq1,100.0000,SDN
YJany4DCtL4Q7BKD6QAPp1fJNMp57hghNr5itCSZtCMK7qm,1.9700,kSDN
YLiu4MDqHqoFdrZ2WNXRWmSuo2tnEPe2qvnX8kP3CStfXAR,151.3000,SDN
YMLVdKyTW5QmxihchErcrKEBfwE7NYcSHCg4vvYThUingDH,245.0000,SDN
YMU4rSR2NKCpgFToZ3R9SxsqWgxVXwS1QgjX721d1tkjndA,1.0000,kSDN
YNwz94gv2F85JuFhXgC8gKWsijEu5i5tcr68TEqY9CvWBbG,300.0000,SDN
YPUhuTzqaVosTPL562xuqWwSkcEoD9npbF5hwmFku8cAxBz,235.0000,SDN
YPZhaMpWYA1riCkMbSTPjFEw5qJHbM4PVr3WqF8bgTE93Q8,187.5699,SDN
YPjSdjyzVyuwW9tbyAaThyUG2ZJ7gVUvJg5iLkzyWHXTgBk,800.0000,SDN
YQLHjGc57ey87D3XRAB7DxGfPcWXB3iF2jKa3ozBvkXWw9m,255.0000,SDN
YRdTJmKig9BopkfqBBfccZBjgig3msSxjWySZSidaLZ7NdA,296.1200,SDN
YRdbJKqs6Xv4HiMoPy6nCcWrwL4YrJZnUSmj6EALNpMj5JY,100.0000,SDN
YSJfJ8548SBK4DZ4hkJq4yKwZTZZDztWWE72Z5nGzAoU4up,168.2339,SDN
YSemNc3ibcMusyCqxr8oQUCN4R7ccwMV9QvDK64bvCTDGoR,464.4966,SDN
YTPsnXzJvZXfivNfcYZNhsHP1EmRDVrdsfMkmL2bgKhnxGB,239.0000,SDN
YUDN2cehSXwaJvSCanSbmd4mQT8j1Yr4aBP99eSh9ivQoU7,106.4000,SDN
YUqLWDXhmBUxEXhDcKfTveBHWeNjy1kd7nMY5Ak5SQMmzwm,201.0000,SDN
YV7Dr87xudJGnCp9DLnxPTn6vHergndvBcCjJWfUPQt2bf6,102.0000,SDN
YV7YgwTD7aP6Vmn1eo8tEPiVawBPYLqfxVdAmmZBB94A86m,200.0000,SDN
YVSQzRV72bkrdwmaDvZvzf9o9vBRFVE7uMH1o1ggfQtMhci,165.0341,SDN
YVteBcSnoVZkLHscQczFYEiqfnpWjJq9ToASorb6eK7s6Kv,155.0000,SDN
YX6dPgYVkAopbEwbQ7o4HRxC1ekXE1qAbf5haesWb9qZtsZ,101.0000,SDN
YXBBe5zhjrg8FhnWadz7EUrVY7LBDU4hBYq2UgRKyMyyWnT,73.8825,kSDN
YXEedHmm3MEk8DmKpz23URXXBz2w4koRTvmA2BKm9MY3qi5,100.0000,SDN
YXEhFGmFxp1Ji64ZpFQM2GT84hMKMEKz9CeeobQ5e9jMw2A,100.0000,SDN
YXcaeQSBxRHE2Ls1RYLTVsXiei4wip6fvXy4cPjdEogKT89,1.5000,kSDN
YXtTn8KSi72xTirsLkUsjrzUPGrssJ2PqEfQwNK6MK4HkQ1,643.0000,SDN
YY3KVru5wbC2DYbM1vHKNkgcvK4xy5d1ABjWWe9PRD5J5dy,3.1524,kSDN
YZkjeE3o46b2HVVzkv513rXkwD42mYTEfPmQpB2spnpFQ42,160.0000,SDN
YaYZqsRT9pwUjXARbYXKGcyDGVuwVPzk4dEuiZFarekm73S,500.0000,SDN
YcNmVUXfBWYo8QhoYDVqSxpmGwSnYSxoZBBE2cKSyiJ6iu4,100.0000,SDN
YcyU21jLUuzTRDuJWjZpBeykr2TNzyTHwq7LAmmYPr9FKJ7,107.0173,SDN
YdAHyLWm5Dk68gUmtKCYUoT4zNZwPkSztYUEERHtZZtMf7x,217.0000,SDN
YdKb6Hykitr9BrXSn4iYaU1xUecXK8CQDefyCnRrv4Wi9jp,103.1232,SDN
YdeADDTcYuAF9UerzjYay5z6e7kLABskyWNY51KrydRpUof,600.0000,SDN
YeUuWdTMjTV1iLH8mM9UE84CJTMyYRdnPR62YEA6JXNi8YB,262.0000,SDN
YewsBqRB8g9F9RcCLktuyvcQFT1xLoK16G4Nf1j822mtxD8,650.0000,SDN
Yf647Noe5cNx2XjxWiXrbV54HwXAy7yJZXJHjD5cxw7KY3A,250.0000,SDN
YfSXf778XMCwqvaUNxtFmcYSy1yQ81V7ku5EMSDgXuwmfDt,183.9983,SDN
Ygr8Yfg2R6XgeuUp7eVu48Fix5NmYE9TDJUoK1wkhrrAv6D,5.5000,kSDN
YhPgzAXsmQMmJQDFBWwKNxQ5BvcpJXEEGonEu3Kt8wMs7Bp,40.0000,kSDN
YhYyCFCQ2TsUCLySHVEZ9SJXXtB7yiFDaXisJ4YFW5gBJBH,281.0000,SDN
YhmPFeU727QHPMyPc775yCDD8ZgdanXXAoUcYGcEA6rXZwB,450.0000,SDN
YhtVEFNTav855ogVuYsjTij6j2J4Rry5fTE6e6u22LbFVM1,300.0000,SDN
YhvUShxiSm9tJvBHGDdfiEPEjc1WyLB3jdpfBGXwhSt8Ww2,200.0000,SDN
YhvsFmffePWPUf5LJKAaY3FdSTpNoxyGc6n3GQujvmmXY2H,583.0000,SDN
Yhxdy9p3AdnRvrGZRwrSyg41Sf4Hd9yf8obZTdpUK8F2B58,100.0000,SDN
Yhyx5NdhcA7DgPQzTLFzN49dmSHA1Jmpak22QZaWGfM9jPf,40.2365,kSDN
Yi7JLPL81FjypN71TDJVnYE94rYq95vkFihxjao9dCVPurS,2.4710,kSDN
YjuqPYaRnBop94qv925q4H5gCD2rWvb6VJiHYmHQnN8Y1xP,192.0000,SDN
YjvAZTZRSBwWei99twDonShQKGGTk4mzq35VPYQVimESnoa,1.0000,kSDN
YkeB8HGcCsnxPgSfjF26oLY67VxR6C7XawpQ1kZYQXptBxn,350.0000,SDN
YkkYigJ8m8Wzktrvj5yMdip27NBKMnJrAMW3QtpApQBsCLp,2.3209,kSDN
Ym2WEHZLWKz6YgQBcDiMYtQKruXM6L4PGdjyEoVsx5Xe3n4,100.0000,SDN
YmX6dS5XvP3rzmxEwR1jk7B25DqcDGRshPskG5GMksnsVNV,500.0000,SDN
Yo2qDT6SKNZkqRYBoKsrNQjUkhvaSVLoBYFDgJbTypGXi4p,339.4687,SDN
Yo9mxjWtiekceiqjEjoVocnsN8GLuiNKxAeFt9aR3DjFVTm,1.1208,kSDN
Yo9pjztLSXhW8Q9wg2BfdeqUh7DUiVEZ9x2kmoYoxSWc56u,105.0000,SDN
YoKPY9tBRSLJVRzmcgjXDq9Vo9Y7S5utUQpfU1hsZq4qrrc,450.0000,SDN
YpvhUm4k3jAd8iEPdjZxBW8S1E7Qu3FGC1boEEh9PbTRSoS,243.0000,SDN
Yqkoys953w7g8ZxqFyjmpfcJcACDXx2XN7XUKua8WbC4NKW,300.0000,SDN
YqnVq4SPvYioyZRgkQs1GkKYwGLsgmZfngRVf3ugtoqAdbX,159.0000,SDN
YqsyHtugMnArctfo9Q7WN6CUMHq69HqVQhUijnqH57fWXtA,134.6400,SDN
YquJEHMHUPZXwg8xDWWZ7hoWKr9iDDVR5ZCy1MuGgSEBo6N,1.3690,kSDN
YquzR4iYZpFSLu7RCKsGszGXXHgiizo7suMnaaHruUdtsCb,2.5000,kSDN
Yr3WdjXTZduowfzkJyRhjQpzYaqKNLuf5e2FM7B3kov1fiC,446.0000,SDN
Yr7ZxQJX6Ho4qBFywoA5hvFSxpBtLQv5T4LnLpzy3MffKJa,3.2070,kSDN
YrPtGCu2PBVxWBg5yVQeUpCnMH5ikYLM5mcb4FFN3QQTt65,320.0000,SDN
Yt1cYxqrSWDuMG4dKu8kA7DwC171Jjkmw4tDqsmJxUiJ2dB,19.5000,kSDN
YtVah3gmvD463XMjLXZv2sfqHtrcriivemxTGVbMEzzAnmC,200.0000,SDN
YturQLvrXjqdxSSUTqLzWhGoLdNqiq1Kuv1Xa9gGXxBfB2U,7.5359,kSDN
YvWEPYi6BRqpLeKQRQP1XZoWc6JM3LoZDCXgMNgtswXULvb,4.0000,kSDN
YveX7GTj3Fz33qrCzR8x217pDABcbm7xnm137mGkzgvk5LB,100.7500,SDN
Yvtrpjck4qXmCJg7a5TEMELjVntSmvB4RJu3isNLj4BDRCg,134.0000,SDN
Yvu2ViVqrVYsL9FFETcizoxYFBz1daQVeWN5hBXbNphuiW8,350.9000,SDN
Yw6zXcfMazuumMiYGjj6x3VUioKaSDfiNT6ybzRky6f8WAj,2.0000,kSDN
YwHPTKu9nNRuvfk2b16DUbxrDeS1wfk6bBAzsyrvMrgjEHZ,2.0107,kSDN
YwKBitZN2iqq934VmbXMg2uYc1ULdViP3yvSHjjsQa9qsWw,490.0000,SDN
YzDKqpsp7R1scMm1F4GRndhyuwF46p5QSHY7RUrnP7BsU9V,15.0000,kSDN
YzFDdvaUxVF1Hv9FoLAPFSfgCo4dtmDcNSbnrajrzSVwN5j,130.0000,SDN
Z2PKvBx9w9Mqf5UQgbt8PbhmBeyAMqws9PnN148dqnADWWV,350.0000,SDN
Z2U3HVkU3gChkwrLzfzURcq6KfAZpcraN8ivRPWLaNiSUet,58.1930,kSDN
Z2c2drAyi1uRJM7mBRu1cvN6hKk5Yt5J1WZ83rthmxS3u1G,190.0000,SDN
Z581vGPJ8gJH8Db1VnYQUnWi5dWAZqeEKpWEezjd83jcuPm,5.0000,kSDN
Z5DXiP1qSmq9drm3vqVGTw694TvD9xXxpyVbHdUeJy4v9MS,120.0000,SDN
Z5Smb6PcWGViDpYbB2DcaDEnKsJ6vgYcjTbeEmmWofjuv7Q,7.0000,kSDN
Z6xeuoZw3c5tMFnTAM6xbFPcxmrrhQQRxRrmgiM2rCa3VKy,100.0000,SDN
Z6ynECVwQbtbnpcU6PXFBTcxzZajE6J8zt4pXcV1D2Z8x2H,200.0000,SDN
Z78GYgi2sFdnta58DCeD1YALorg5XxqeyaHQHhJbqwrvc7g,4.1500,kSDN
Z7NV8RMjWg5JXpc3fN1wUC3wV1jyfEaW9unoPfGhHyBxRtJ,136.8035,SDN
Z7W2ozwA2UHLfRFDcdQuDf7zP6nxKzZM4iqFqstqLPhDR4q,1.4000,kSDN
Z7bDfLNKdPQYGA1LGyXx3JHBGqWHVgDmUDrozrKW3bcfou6,123.0000,SDN
Z9w8j343oi1hq4yDqPiiKgrj91JWHbnbA4UVWKEqDYoKLzw,230.0000,SDN
ZAVau9KCtyxtEDnnr3ePVH5EPeXK9ZjPM6n4vNsyZ19LWPZ,153.6814,SDN
ZAeAqs4fn4NgQ5mR1jRXNbQREA5o4aYDSEXv9xVoZxipcxj,257.0000,SDN
ZAfMC5STGfVZokHoByXhfQAUe9mYKiUanxQP7yTeLT31tC3,182.0000,SDN
ZCXnJCC7HwjgecAtLKLfF7JX2RB94KLCvbrUQPLqwXxGVL2,100.0000,SDN
ZCb9h3Nu4pzaP9f8C211mu4LN8L8aS33bkCzivd3pfLgpuL,200.0000,SDN
ZCp1iStR52XZzxnesF7TTnqAeUFgd9fXzLj18s4S9WiYp1V,129.0887,SDN
ZHe3G88DscwHPjY57bMjW9zwL6aKYvi2Ej7pYQvVMoUPNvy,172.6710,SDN
ZHfHxti1HZLVHnUwH3ZKjXQWheDfFQmxCcp1pusyY3hj7UZ,640.0000,SDN
ZHw6BozG22rahUAjpHUEw9Jd3NRyG8PYH87vNGS9DeWa8QH,469.7065,SDN
ZHzNAiWJ88Ck4QHFF5xmwTV7zuGBz9FPa3m7y22y2BCuAGe,3.0334,kSDN
ZJRuzbMrLg4qn7NG3D5VzaZTtLoxude8mXBhmspiWNva25c,100.0000,SDN
ZJVooDE7Pkj8BrwZQPiFkfD99XLAyorr8X7MALEnDunbpbC,500.0000,SDN
ZKyvQP88JHwcvtw1hABqxQJJdt1DnbRZdqrNrH4NhdxBg4r,105.4226,SDN
ZL64Bj9HuLyFgyHeoLjPduL2B4FmEHdbZpksAcqkLgZtL5P,104.0000,SDN
ZLabrYisfNrWUyjm2CokDDZbps1J7rDASBDWgBnXf3gdiwn,150.0000,SDN
ZM948EeGXxjfjuq7SCv4ncrE7tVnKtMUEbNmyCC7NUidMbo,435.5564,SDN
ZMHWDXx3T1FCjP7u3cvLAhj65CKjweYZn4dJ3EHrRmP2irp,1.2200,kSDN
ZNoEaiRKxiFsNBv8ySoQL7fnrJKbmntvbibds7VV3dm1sy4,118.0000,SDN
ZNt3d9E6es3zUUazCVXQWQAWbACgLvzAntViJroQKaNLRTk,210.0000,SDN
ZPBd4JdSbc7UYSiyM2asr7dErpcYifxUzcgr2iqbmVXGgFb,538.0000,SDN
ZREdK1DmdM8bxaivSqk7UyE79God9DYkpXKUxQDUKXpvmBH,3.0880,kSDN
ZRRY7RrpHdcJUgZR7RthSKs7m6MzAbUHSjw3eTnjwzUuJ9P,519.2922,SDN
ZRjZGRGJ6YpLAm1Chk162Q5bCCZDgS7efS5Cj7ZCotcurji,8.6401,kSDN
ZSo1uETiwpSg2XXbx2wmHiZeys7ariVHjwPdFzZ6XEUCr7J,5.0470,kSDN
ZUxZfz9DPqLP7ELZv3a4RZc56H6d2Z8gR8iMbFx449198VF,108.0000,SDN
ZWreQeAJ5kBZQ2EVkBGXPwZepcU4U1Tb4BQJjayFvtqQv4f,274.0000,SDN
ZWtoqnioffUUY5ib9nc1iz9RTJKmpF269Bc6783BPVjTUPK,100.0000,SDN
ZYWnAfCenUTNPb3KuKRNhasqj7DcthXXoTRrmK4cwwHJmzK,400.0000,SDN
ZZYdbGA8zL9gJE7EcnLecuJX6E7L5hDhJht9zWF8uNqXjFM,150.0000,SDN
ZZdsGM98Ae8fgfcwSc5mmvmyK3LpHSR3WSyA4JDL3WoxfNN,200.0000,SDN
ZZq7cuCXrEqsJs157HU5duc6TdH8Vevn5oKkJSX9h7X5tUp,18.3050,kSDN
ZaoZJFKZ3GE6Vjy74fBwTRqndq8ro43qyu3Yw7DYvzdJSq9,500.0000,SDN
Zc3krtMEXF7jTWMXgsTJ1odnhcBpXoGMM3LskcPFeEEsAgw,1.6790,kSDN
ZcEQAYcYx276PxSC7VJAXSRMCbzFtG5DSxZPTLMEC4oPXUg,100.0000,SDN
ZcUuRkJDcBjaAKR9Gfcc3JJg1ibfGdjTEceFz1vcdVhcJAr,1.3145,kSDN
Zi5cfxeuvojkJ7KnjgDH5TKhknszqNHeEbwXyPVDd6S1gzb,140.4797,SDN
ZnM3CJEUHC2bqmR53E5vUgZ63KPsPjvANeHNHnV46Ef6kbi,250.0000,SDN
Zo8JoY7WEmJB9go6PQVscr2GMzFWE5rmWMn4bYLjQgtK6Re,1.0000,kSDN
Zq1z3U2QDGgTmmaavNaP9FZ7euivDtMzMHwTukKXRdU4GJs,247.1077,SDN
ZqWtANWFttAe5CHCCQaUjrNa6a5f7pbpgamDtLiQNeuHaej,1.8640,kSDN
ZqtRPcBAauosbysmkgEeZgRYBZRcmp14C4gytnhcJf6SgCF,20.0000,kSDN
Zr1bCbGGN6heL7qQW6uVt4cwCVEVoKWwJLPctLq9gx596Kp,123.0000,SDN
ZsW9bEh2uj9x7AfgmmxyydQiQpWBg8RpBE9cJkrNXFbc7rd,700.0000,SDN
Zsvnb2uDd6xmbJzpkmapXQGBsYF7P3oeZm4gqXJS1GF5ZTL,40.1815,kSDN
Zt3WMRfzxuXrKA4zasHN4cVaWJ3xpcSZMf7cUrB7Uytkv64,1.1000,kSDN
Zt4PcDJZs1mQ6d7ya6vSy4qF44JKN6EgjQ9F45ZZU3keiTz,6.5576,kSDN
ZtN2geCMJ7uwEyHd4dJc1x19q1Pcq8WC916aZALG4SBw2Fm,12.4700,kSDN
Zth6J9oCAsxGQ3L4jo1nvedXgBv2J63jqiwp6r9ddUHGvvw,7.0500,kSDN
ZvAQhArFpJtioSE2QGP3nNvgeL7nVhCZBizzLMENWT7SjfD,100.0000,SDN
ZvBMX5SfudTNPoWGwvZSnF6EHkayN2g2knpXbwEnXADZmhF,100.0000,SDN
ZvKssGRs4VMV4cXt8zggPX5SedrRnyMhaiD4WsB37uQW8Kh,1.1000,kSDN
ZvLQTWFQ9uXaTnVM3dAGAdxwebQ7waw5zsqSHbgBE9VE8xB,200.0000,SDN
ZvWgyBa6G1KW1UYCrTvKDF4WCpu19dfiMR7R2rZ52FTZjUm,200.0000,SDN
ZvXTvA9dQWmGuxTWbMhZM1nJ4kUwCoRhovrTsD4HNzg3Xsm,100.0000,SDN
ZvjbsRBdakqtmBMU9naUuWgW53xATrVWspwQpkA3t2xjhdV,1.1000,kSDN
ZvvStxHEUjiBhwg3hVH8eRSM3TsYRDpmHVZvdGPjikQv3hh,2.0000,kSDN
ZvzmV5tveF5PeefB64GpVmAWcPBozvEqVk8Hw718gJCR7gN,210.0000,SDN
Zxm9wCtnauEvcJaXtKHjLnSn4YCSHDidTqUCY4AndgVkMFb,2.8250,kSDN
ZxxynwAgQyiU7oT3yK63Y59wAr5PaHAHX3hK3trEvSAmMUP,349.0000,SDN
Zxyxbi5WYeSPcWh5VDqDfaBCXuVWCitofNHGEpwBDhzq1Fh,500.0000,SDN
Zy7Jph3xumpEVUDa9qaqEeu8V8WE4avhubc3AwrbercSzPj,3.5069,kSDN
ZyEgASVJiC8eRNtgi3R1EuqhbZMRNyAHxE9tSzp6GKLqbaP,100.0000,SDN
ZygmPV6SvoCZR5Lgu8rasdFkuLw9gAfycZcdxMw8xVbFCfT,100.0000,SDN
a1XZ98ioGkeGLEBs5pUy9psimfeeHr5ah829YnJ8TUSdW1F,570.0000,SDN
a26efPSoEXKjDhSswj549jQfTftqCv3yU1M9PsLQeAsNdd3,450.0000,SDN
a2GoPicBtM5qqfWujJPdz1waG8h48XchMn7F6VhpEVWnnvj,452.0000,SDN
a2SNcQGZ7f7EMiX3mbwPRx1Zg1oqk1K6aYENc8Q9X95qx1B,761.2094,SDN
a44fi62pGqR6QXRUXGtN6N3MkbFWkhKyuJXLgjbxVgnXLot,4.0668,kSDN
a4XX676FBaTAekrZD4RkRfqnsPGZpnFAxgbawdbawYWTEhc,1.5000,kSDN
a4kXr595J3TtAbRPftmB6APY582Z5JMJhXGLmHjKKZy1MAD,100.0000,SDN
a4vmyKwiMdB5qU4ZQhHjcCDbU32EBgBxQEbWuN94qPep5qd,1.1888,kSDN
a55RUGtvx7TLauJ5e4amyNraxvDZRq9hR51eAtJe7Gu3NxF,100.0000,SDN
a7FY5F9GK67m6LkTmkDRGDrTMprA7QA9dHbW2RdxinozPbJ,7.0333,kSDN
a7GzFq3XfsHwqQaPRPevHDezuGF5uSbMvBqpUurFRpPvmNS,500.0000,SDN
a7Z2XiwbfBrRZiiD5iWTfGhgJH5uH6qgFBWJ7C4bsNCLBVm,500.0000,SDN
a7f4cDNW8DC6cCww2u8z3DMTrV9utiRjmCNcAi9SmiEDgtW,1.0000,kSDN
a9MZYiG7AvjqJopxtYxwQUvTNpxgBQcMtE5FJAzBqfiHMua,15.1845,kSDN
a9V4qoaq49P9qv85dRvJB8fxqhbY3BtgYUMiNGULxnxwpdE,150.0000,SDN
a9tFMLpS4won5qyxvyRsBbLhe84cE94hJPe699bxjcrQMos,302.7774,SDN
aA6jbRsrikoHdqCu2cRSqrS3ZT2MEnQSof4MhFvHci8j9a7,100.0000,SDN
aBBd7njvq5ydqMSiQCBkcwGgQ2SkjQQ8gXN1KFC9TKkF2oR,105.0000,SDN
aBop2izLy3B7BQC4VRcxBWejBeBVcNLfh5eHekXGxUbcUtW,110.0000,SDN
aBykWVoWXMEdvo9BLaoGbRugJdEcQD2MT7C4rqpTV5MaYmc,105.0000,SDN
aC5NFWMwDiZeaoSSW88LReZtqycx1s3vJJthWiZ44xNdeBb,100.0000,SDN
aCFd7VwSC9JCe7SCy4Fz6DKmTXQVYrrFfsVUhSgirqKS9Gy,200.0000,SDN
aCoP88tmLKTZza6iJouD3KfFRkVWy1YjhmwLVc12GDuruVT,731.0000,SDN
aEhmQr8LUQAEucksX5UDHQL5Zt4erw5QKRaa7vh5cKQKVD4,4.3800,kSDN
aEiQ3jch2u1ht82NaKrzdK95ngMacBqRTRvdud76PxNHV5f,200.0000,SDN
aF1sawsUUhUxgsjiDtRq9VphtXhx399EUo7wfS26d7wQbdy,100.0000,SDN
aF3LMy4yqSsRfSSsmTgojfUGxxuLXajmkyMVFPX8Ezf99Pm,102.0000,SDN
aFRKpsc9fVTs5BpDzRxv4X1cVKjCC69mCNHPY3wJhYk5NFb,135.6415,SDN
aFeR3AEPamFLB4csPLCtJPgiT4rEwJTF8MRA1StFv4dPdGZ,663.0000,SDN
aH4sRkzmmuzTDbmGE283W949iQUawPoh56Vjtj2T2XPdCgY,229.0000,SDN
aHyZGwB4StyecJe7RevhbBPE2m37fvDrhpMQicj52bjmpKP,1.2000,kSDN
aJA8Kn11G8Zy9v73ht5EUb2WYXeVKihEoVUG4hQmZGtga9R,3.0430,kSDN
aJJghUXS5z3CLi7PvWxGAz6mXtX2duPWcVGqYei2u3VVNof,100.0000,SDN
aL4jMonaLqrgcYRoYBXEsm4Nhu6D74jeFshiTjVmgY7GyXX,143.0000,SDN
aNbPco8PcokGhocYuAqMfYzF3xhuoh3Yz9K7hCe8Ag9QyMv,500.0000,SDN
aNfw3tfY7GXMnRBgfzfHG4K3P5tfy8FCtovmRSuxLfNf2DE,380.0000,SDN
aPStvis1KoXY3tewhg42V7QpDjAHiKJFCnN6L5CZgVtYExM,191.0010,SDN
aPXP2vjgfFxn6jW7sh8tnAJPXop3zMqhPyEXUm1oU1q19Ta,1.9059,kSDN
aR98ZMFiN8tmjEDrw1tTiDGyxNX2LQrRSNZPbwSmMiAzNkW,200.0000,SDN
aRT5WAC3DezhhCRJd4oy8aS9WKF74sZXdJ2svygk2FSBzNk,600.0000,SDN
aTtQxqntB2ZnfoD5dmfxg9GXoGCGAhsD3KxPnjLTjgrMTVZ,18.2480,kSDN
aU4oEcVyDWesxLE1wuhPGwT6t4Km1WnWPEL3mi5yWYaBkGA,139.3830,kSDN
aVjVRt7M8zdqLfvULEQ4Jm5XWSDLLX576UC5SNnZhGwzT3n,609.0000,SDN
aWJnnmprdLj9jWb9sR9Pz4UMjiu9uG2pZoDC7uUd8EFiJDH,1.1120,kSDN
aXLPY8BuHVhuwTThDukTmEnd5TjkckRAGKSfGy9ELJWpDRc,4.3540,kSDN
aYncxx3frCYRZY6yZKyJbLYuGNCBZ3mB7c76v8krnUU15Xf,200.0000,SDN
aYtJAJiHv1MUL8LMBWdaUn7byfRi2gMWfn8Bc1FeVBEXTHm,120.0000,SDN
aZYudTxB7vYwskAahk7kb9vGxYqRd9F4ya5cjLoYjaS3yEe,129.3000,SDN
aZk4DpFuU13DzYZATQBTFnDD4mgdfsTBrsVBZJrrZ39pd6v,1.0000,kSDN
abVLFgSFE3mgM1NAYbWoBLhtiDhpRh8Q9m3Bg7W7xHgL7ND,158.0000,SDN
acV7YVUzckzBPsZfcc9TZVxqQjoafDS3BqgL1aPY3tG7fxC,134.5472,SDN
ae6MNDeNMdo8pJWNraSmUaWxAC5kcrryteY1u4adCPjeRxL,622.0000,SDN
aeEL14EsKTSpE5i8xLnzzwypnWvfMBgZKD5ErFHLDHkgJcE,194.6117,SDN
aehZP4qohyPjoY8QL62LR3YKphFhL27RM1Cm2cvfQ9j9fH5,800.0000,SDN
aeiyj3DQH1PBjyux1m64zqcHtahgbAA5pKdemofhkzfQXTL,300.0000,SDN
aep6q5i9mk4TDGVd2onxW14LsSBst3BWEbche7exiq4mGmK,378.4200,SDN
agt93BZpb1XwNfk5nFnGftndq3Fme2DiFnzZmPVuwLftbfp,1.9100,kSDN
ah7b7TRYnqMRrTajNgNRZ5r1KBuzN5Vr7M5P7V7BnxeSk3K,280.0000,SDN
ahHK2aknCU8mqjHSPGAVB93Cy99XUgp76ecHc2pG6kTNRjE,212.4900,SDN
ahSDKG2ByZPLaNhjne3XHn3yjmr4XyzNKqpjER1XvstvtKt,3.4500,kSDN
ahuuBraNzXMfujMqPhbJ25DBnYnEAvzyxjXxKc5USNFWzjG,187.0000,SDN
ajjtiZ3Z2A5p2wYwFaTQf1Z5qGqaayzRGdcwPxTabV3Ker2,120.0000,SDN
ajnmRExmbjGKJYpoS1jKiBVqUQN59WEPnb3dC6Jc5DDER4q,600.0000,SDN
amy1tVCHjkwysFi2gVwo1AAZygUQALGPEHJc63J474Suchf,4.8750,kSDN
an8QDGUWfxF5tWo3P8LBxP1g9U6sTVgjonPcvCCrN4oR2oT,268.1263,SDN
ao7oAXTARF43317VF8PG5rFjkMFMb4awNKq38izMxnv4xaU,980.0000,SDN
apq1AZZc64qSiq4jVmVXxV1CTPzt3zKGm4CVQz75gtwdAzn,130.1495,SDN
aq7xRnzb2AVLuSCpkVQLBqwjhPxQntEadD9Q1WT2zgFi3NS,225.0000,SDN
aqKmP3gCPva83is48SqvijuMVvZJoDGbHRxKo6A4bCrcPcX,180.0000,SDN
aqMnapwNPeLx6Mx68Uzm1wcgTq7vxYF2cDys9nu9NgmgDSn,1.1123,kSDN
aqeZKeX61ESNoMTm4SHQq7y8kZLucJ8o3jSFe2iojdWp4qN,200.0000,SDN
asumoSqFbwx9AZ1cubAvSQSsUtfP15PeqfykYW5MJBAsxxt,180.0000,SDN
atGk73RPAgLkA9cPyM23xRcVmRLrjYB2ksH14VNp3jtaq8E,576.1233,SDN
atJtNoSrbaBtGox5U622XWLSnq2ZMJ45eY2q4hNmK4kQH3U,100.0000,SDN
atMCcEvxxn7Er9pCjNp54g8DvfVtsQiwtnoXbvUEdDKKiw9,5.3540,kSDN
auqCDWDUwuV4MUwk2SaX15WuG2RGYFr5yShBhFBYPeJpCah,294.0000,SDN
av3C6jktTP13UUkDpjdQYxauBrVSJceDfqGBRpKr12bDej6,101.0000,SDN
av6AYeM556wzE6ct1RKyCfTnZNXCfhWuxc93PVo7BWmXsMW,1.1464,kSDN
avMYiXtGgdZjDhYHs1wYo1fhGYvG9JGEwuw3TV7jHaPTzhP,128.6346,SDN
avarGGVguRSEWWab9m5ikn6YKcS3otK4zfQzyBA6noLUan1,19.2000,kSDN
avgnqQcGS4GCjkYQtTgdYcwLab1kJ8LZxJ1hfbhdRX5GQMg,449.6984,SDN
avidf7HywZeEqQG7zSnje3rhmd9opijktEQZdouX8tE8Lao,100.0000,SDN
axTmeSXHXxmJNSA4KhuNLbfvcgCjWwC1EpKb2Ht9E4R1Rb1,285.0000,SDN
axUsMNcQXWbf9zpPj4zDH3UZc4xy28yDHyGnUfavd7eD5qc,460.0000,SDN
axcmGRtLCQupxPfM2k8BaCRKBjwrrRdTQZ42UsSvghS2wKg,1.1630,kSDN
axjPybyuNPKFxt3bhqAL7qujmjXqPBCapQYbshcjVnkGTRi,400.0000,SDN
ay6htJwYtJ3iBQpKR6r5u8keZfZhEC1WXscbvuAhvbDbp8j,207.0000,SDN
ay6pxiv93UqrSooZ1jqtNKJnA8yiVtuYycyUgQwLu6TFFNg,808.0000,SDN
ayDqP5hnd4KTWtvqopUVYiNkvGNaubKKJgAmZxDQpCW5TBW,130.0000,SDN
ayUMbHi6cAuTKSKSPNwRys91PndpqUWXSXGiY9B5nRfDmhs,100.0000,SDN
ayfhRN7demZsEeW3Yptk2g5tDUWqfCBQYKKZRcuBSRqrnaF,200.0000,SDN
b17UiQZemqj3sX5cAR5n4oSP84mGgqfSRAEwiTTHagHtQ9A,1.2000,kSDN
b1J3f4nWceuustcpzBMYN9GBt2wRtTuHiPGZ1gWyttixbuo,117.0000,SDN
b1Mq8q3WW22psA7SuMUZAZ5PTBbx5iarGrTJk2Ckzjvo8jT,107.0000,SDN
b1y1QJLD2xVPQjYtmPHPA5kcrTh3EDid7j8BZHdPy4jnFjS,761.0000,SDN
b2AGieg2dGxVvFX8uPdJzLoiHHq4Lj8NA3itSHSBLBLFsvo,939.0000,SDN
b42tLXCDYqNHhQBC4UZj7wUbijH6NzD8tQdBkFgZ2N6NggW,7.9070,kSDN
b49pUAMgek5HePmC8dMWCgrhVUFkzKXy6P4UinF9Wnwnwxt,100.0000,SDN
b4RfDSNQmWmbA4NTK3k8y1AqzXEMfhzPkZj7J9kRDfgLsqx,1.8500,kSDN
b6WAzvVW3igNUxKgRtQx4E8JLRS9KdJiF5hmZCjckE5xSFP,448.0000,SDN
b7YKxJqaedHMS3KmPEUbEAeWocE1CnjFKUHxGAk1ajPEcHM,431.0000,SDN
b97gwW4FZ7rGH56pF7EaAPKVgTjTSaoC5tVfQuhdeU3bf4f,11.5014,kSDN
b9aGKqgox2nBrmUknhLXXnkhD1tDjjGMYPqJ2j1zjXSr9pV,113.5000,SDN
b9fT5KG8xskFTq2mW6BpGE8vjqV4emWsLzFW77YeZeqhRhp,130.0000,SDN
b9knvb8ZoUGTjzhFmfud1nMZRTB3VJ6pjNpvVMD27YJRei8,3.8280,kSDN
b9tRH9HWmZgvACdmCPcwbMPu8WxawaCVJkhqpCtAXNfhYtX,100.0000,SDN
bBmGfKGK8SRGMEKimxzEpyL9dcXaG3dBw2w2GFA6wQ7Vrum,1.0080,kSDN
bC5Fwiefdbwcy7YLcf3Eb8wcRpZiLpFjSEK63W7nedVXZxh,105.0000,SDN
bCNLCtuQnTQHY4SQfZN8ECPVjmnwgzx39n7SScXaYgGFdoA,1.0000,kSDN
bCe9JkrNwrrQ7HuLKmhBbXvjervLwZSGAwu79ngH7GKXnzR,182.5700,SDN
bEDpNdhRR7Be4VK459QH8FTYwW7AvxBdbEx5HkTY5A3FBqr,1.2220,kSDN
bEvKwgVQakqdoCHT2dncrxVc7AZtJKh6eCpLBehKfLmRXib,100.0000,SDN
bF52YMAoqXx2c82WjKvfmBKjBU1s2VqeYPcwN66UWaE9Jit,200.0000,SDN
bFDbZvhBn35Asim2Fi5aV8HfCRNwQgDS4Vqf26qCQxcZsjU,3.6460,kSDN
bFJfPywKeJwiX2m9tjkPKHcVj6r8CZu6y43AYTVcH8pmKwG,3.0000,kSDN
bFbx867ozpfyvAruAu2Sg2zL4AoR5YGBD9fF3WuNW6SJVBE,117.0000,SDN
bHsYgVwCaBEoaPUWdsafEwi4QDs4bu8awexV9XgKihsZjcv,18.0130,kSDN
bHubqGBatbgEubC3v7LiCNcmp6cMobWJpJXSXk1L7VdHmr8,6.4610,kSDN
bL1YWTp87zCcCQvDNdg775ZcPmz3dzj79YtGEan2Aeoq3Y1,1.0180,kSDN
bL2CEy21cTPhT5XogKuzZGPXosp53f6YUmetxDf8cHo9ay4,185.0000,SDN
bLFmXXPBmfTCjyNHyWyHYViBKJb7wYVXoEb8VqGXvWdzp5U,1.4193,kSDN
bLS4AXmmFSVnXWauycZqW8c3cZLFU71eXtTSRSfrZoQDChQ,705.0000,SDN
bMe7xAVsReGSkAPjthde151wZ3EcBtyQUXKPAGYRTf9QbSS,200.0000,SDN
bMzk8JW12iwnyQVFEF91SZmCpEMoARTsdzzydHqaaTkziZS,152.0000,SDN
bN11GVXAkw43vs68t6ePJPA3FUKwx5UB88zhnfVVzmsVWG4,191.7510,SDN
bNG2WqrW8382we7iHoFfBFuuefUMkn9auiRuEYHHwfGQqbM,506.0000,SDN
bNLDgLhTJfgLreR3URBNwaYuFztzbTygE2JZeDQ7KoPnqgt,300.0000,SDN
bNLUFu1Lk7p3ugFkcvwihm25RpA31uSHUDYqZuEgb4MrB7q,158.0000,SDN
bNNtDGP1C8FcCvghQz9i2DrrVcfCmFHJ7kJFhMjjvMqcpb6,3.5000,kSDN
bNpKkUCQpsxEgQ4Bd91gTDXVL5QmdcqueHrm6SHB364L6Zo,200.0000,SDN
bNuxsoTQiErPgoXM6UzhBNa3NeFQbNJggpYGpq7YFTbDKHH,100.0000,SDN
bQznHf9oz9k12cFT2BRP9LsPouQiXtu9CnUCCZ8cjAJta99,129.0000,SDN
bRBJvMQvXgPBJpNn9pTvkVxYcmLXGaWUNKJ5St3yLs8Mcdt,100.0000,SDN
bRHoPru1jAjyH3oULNEpr26y479qAtNYRqcxqRgRmUPBMBM,361.7000,SDN
bTMXt97vjoW9nEx8FRPbf6EPa9vUnwra9EjdB3FcjSgV7NY,11.0000,kSDN
bTeJ5Qydc2C9Q5iKJ5DKcWkMPn2rXATjZHcUVt59xwptA8k,100.0000,SDN
bTsu9h8wBpmNeBqieyeMjNkVnHQzbnfEKGFEgTLxWTraNfC,10.0830,kSDN
bTybxx2k3Y4uN6b3E1PNEwpXQsmB89CWT3AbhbfNCzzLxUg,160.0000,SDN
bUDq6Z1o1hPhzKqDBUUR4j3XKc3HfLzJfFdyfaj6QoELwsN,6.9175,kSDN
bULYjAjDVwAwmbBBkFgnUBXYRKm98LEpKbZ7QtrXJvoWEvN,358.0000,SDN
bVsRszEJ6UQhq3wTyR6CoSc9EnVXpwBauP59PabbpgK5qsA,6.9120,kSDN
bW3M7vuXxohGx1d7LEN6yAvD4ugTDuNoYMEd24peXavSirp,146.7000,SDN
bW3WyTYQ5Rrvi5mLqCbL9aLY8MMy4iNCTM2H5ZPJ6QXdm8Y,100.0000,SDN
bWXpH6cT6AD2Yz8AzfNbtZWaRn1dWyKt9yABiym8Dm4PCCn,1.9372,kSDN
bWka3iroUPrgPxNAN1QcxtTgWiCs7gFg85QwgHXtB7w7UYY,500.0000,SDN
bWzQgS5ebDYwsnfJnDNHRSGQqNZCPdPpihhhrAE8dVh3c6i,300.0000,SDN
bX9vwqGNUKEvd2AiFys9pe5HFbEXMgWpo8PCcX5b2LB5aYF,668.0000,SDN
bYyt5edmkqje4djcUVp4g2PBBEZnTfta4124VAYtzaFDR6i,184.1670,SDN
bZ8dM9sRGemu3bCsTysCcSAPu9S1xDW2hsHaNr7o5waK8bY,710.0000,SDN
bZYQ6fGz5P8EFE3TAPbHyKCowjV7D6iMM5mdDHfh34FfFK6,100.0000,SDN
bbvjNHmVw5mx8wDKgh2n8BZwfSyFntaptdPn2Tai1d9YCLf,3.7750,kSDN
bbxViFyThWBFEeaGokMRUUdNeM973soVeQPX45PB6pdGXGx,300.0000,SDN
bc5WVhbqYRbSs4T2WUgHsKfj2eQMJdDSYnyjV635NR752rV,500.0000,SDN
bcPnVn4AXMxxQCURzYLS7E8C564pKPF8K1upv5FUMhVk16c,153.2000,SDN
bfd9ssMEfiUtn76UzEjgvbSLuUxRQxoJrwQ2Z4LW8Pam51L,120.0000,SDN
bgMASgs7grDHHLcNtHgd8jhJrraRuzP9hWmLJwz7HJFuBbf,557.0000,SDN
bgUVe2JwqJ1624qoPRWMH1j2J4wcdEzTfci7eK9Q7AwgJtM,1.0540,kSDN
bgy3f2h8waCENigW1y4tnc9nKynzTXUuRpk5kbPCpgcMDEn,755.8820,SDN
bh2LEs6uCqwczn7vmSoe6MtPsyGpbMhSVvzB294T8DtPVAN,149.8698,SDN
bhUEL2o7enZ9FKAz7FtXfwNJiKetaRMN84B5UfGG4skfmKj,600.0000,SDN